time,exchange,market,elapsed_sec,ok,error
2026-05-28 06:55:53,BITGET,XRP/USDT:USDT,1.5657,True,
2026-05-28 06:55:53,GATEIO,BTC/USDT:USDT,1.504,True,
2026-05-28 06:55:53,BITGET,ETH/USDT:USDT,1.622,True,
2026-05-28 06:55:53,GATEIO,ETH/USDT:USDT,1.6481,True,
2026-05-28 06:55:53,GATEIO,XRP/USDT:USDT,1.6499,True,
2026-05-28 06:56:06,MEXC,SHIB/USDT:USDT,0.2492,False,"mexc {""success"":false,""code"":510,""message"":""Requests are too frequent, please try again later""}"
2026-05-28 06:56:21,MEXC,USDC/USDT:USDT,15.0711,True,
2026-05-28 07:01:48,MEXC,ICP/USDT:USDT,0.3184,False,"mexc {""success"":false,""code"":510,""message"":""Requests are too frequent, please try again later""}"
2026-05-28 07:02:03,MEXC,TRX/USDT:USDT,15.0836,True,
2026-05-28 07:07:33,MEXC,PRL/USDT:USDT,0.244,False,"mexc {""success"":false,""code"":510,""message"":""Requests are too frequent, please try again later""}"
2026-05-28 07:07:48,MEXC,IRYS/USDT:USDT,15.0757,True,
2026-05-28 07:13:20,MEXC,INIT/USDT:USDT,0.2362,False,"mexc {""success"":false,""code"":510,""message"":""Requests are too frequent, please try again later""}"
2026-05-28 07:13:35,MEXC,AUDIO/USDT:USDT,15.0708,True,
2026-05-28 07:21:00,MEXC,MEGA/USDT:USDT,0.2322,False,"mexc {""success"":false,""code"":510,""message"":""Requests are too frequent, please try again later""}"
2026-05-28 07:21:15,MEXC,INIT/USDT:USDT,15.0982,True,
2026-05-28 07:28:36,MEXC,MEGA/USDT:USDT,0.2351,False,"mexc {""success"":false,""code"":510,""message"":""Requests are too frequent, please try again later""}"
2026-05-28 07:29:25,BINGX,WLD/USDT:USDT,1.5238,True,
2026-05-28 07:29:25,BINGX,ETH/USDT:USDT,1.647,True,
2026-05-28 07:32:26,MEXC,XAN/USDT:USDT,0.2319,False,"mexc {""success"":false,""code"":510,""message"":""Requests are too frequent, please try again later""}"
2026-05-28 07:32:41,MEXC,IP/USDT:USDT,15.0705,True,
2026-05-28 07:38:08,MEXC,DRIFT/USDT:USDT,0.2332,False,"mexc {""success"":false,""code"":510,""message"":""Requests are too frequent, please try again later""}"
2026-05-28 07:38:23,MEXC,IP/USDT:USDT,15.128,True,
2026-05-28 07:43:51,MEXC,ENA/USDT:USDT,0.2612,False,"mexc {""success"":false,""code"":510,""message"":""Requests are too frequent, please try again later""}"
2026-05-28 07:44:07,MEXC,RON/USDT:USDT,15.0787,True,
2026-05-28 07:49:32,MEXC,ENA/USDT:USDT,0.3072,False,"mexc {""success"":false,""code"":510,""message"":""Requests are too frequent, please try again later""}"
2026-05-28 07:49:47,MEXC,RON/USDT:USDT,15.061,True,
2026-05-28 07:55:16,MEXC,AUDIO/USDT:USDT,0.2472,False,"mexc {""success"":false,""code"":510,""message"":""Requests are too frequent, please try again later""}"
2026-05-28 07:55:31,MEXC,WET/USDT:USDT,15.0855,True,
2026-05-28 08:02:53,MEXC,INIT/USDT:USDT,0.2486,False,"mexc {""success"":false,""code"":510,""message"":""Requests are too frequent, please try again later""}"
2026-05-28 08:03:08,MEXC,MEGA/USDT:USDT,15.0781,True,
2026-05-28 08:12:25,MEXC,AGI/USDT:USDT,0.2481,False,"mexc {""success"":false,""code"":510,""message"":""Requests are too frequent, please try again later""}"
2026-05-28 08:12:40,MEXC,SHIB/USDT:USDT,15.0943,True,
2026-05-28 08:16:14,MEXC,MEGA/USDT:USDT,0.2676,False,"mexc {""success"":false,""code"":510,""message"":""Requests are too frequent, please try again later""}"
2026-05-28 08:16:29,MEXC,MANTRA/USDT:USDT,15.0664,True,
2026-05-28 08:23:52,MEXC,PEPE/USDT:USDT,0.2966,False,"mexc {""success"":false,""code"":510,""message"":""Requests are too frequent, please try again later""}"
2026-05-28 08:24:07,MEXC,ENA/USDT:USDT,15.074,True,
2026-05-28 08:29:45,MEXC,WET/USDT:USDT,0.253,False,"mexc {""success"":false,""code"":510,""message"":""Requests are too frequent, please try again later""}"
2026-05-28 08:31:40,MEXC,FF/USDT:USDT,0.2484,False,"mexc {""success"":false,""code"":510,""message"":""Requests are too frequent, please try again later""}"
2026-05-28 08:31:55,MEXC,RON/USDT:USDT,15.0801,True,
2026-05-28 08:39:19,MEXC,JTO/USDT:USDT,0.2478,False,"mexc {""success"":false,""code"":510,""message"":""Requests are too frequent, please try again later""}"
2026-05-28 08:39:34,MEXC,XAN/USDT:USDT,15.0951,True,
2026-05-28 08:46:55,MEXC,ENA/USDT:USDT,0.2639,False,"mexc {""success"":false,""code"":510,""message"":""Requests are too frequent, please try again later""}"
2026-05-28 08:47:10,MEXC,PENGU/USDT:USDT,15.0609,True,
2026-05-28 08:50:44,MEXC,SHIB/USDT:USDT,0.2744,False,"mexc {""success"":false,""code"":510,""message"":""Requests are too frequent, please try again later""}"
2026-05-28 08:50:59,MEXC,KAIA/USDT:USDT,15.1173,True,
2026-05-28 08:56:28,MEXC,REQ/USDT:USDT,0.2456,False,"mexc {""success"":false,""code"":510,""message"":""Requests are too frequent, please try again later""}"
2026-05-28 08:56:44,MEXC,SOL/USDT:USDT,15.0721,True,
2026-05-28 09:00:55,BINGX,MERL/USDT:USDT,1.658,True,
2026-05-28 09:02:14,MEXC,SEI/USDT:USDT,0.2285,False,"mexc {""success"":false,""code"":510,""message"":""Requests are too frequent, please try again later""}"
2026-05-28 09:02:29,MEXC,ICP/USDT:USDT,15.1381,True,
2026-05-28 09:02:49,BINGX,XRP/USDT:USDT,0.2239,False,"bingx {""code"":100410,""msg"":""Please try again later.""}"
2026-05-28 09:05:06,BINGX,PARTI/USDT:USDT,1.9753,True,
2026-05-28 09:05:41,BINGX,VIRTUAL/USDT:USDT,1.5021,True,
2026-05-28 09:05:44,BINGX,IRYS/USDT:USDT,1.5197,True,
2026-05-28 09:05:51,BINGX,HBAR/USDT:USDT,1.5808,True,
2026-05-28 09:06:05,MEXC,MANTRA/USDT:USDT,0.2548,False,"mexc {""success"":false,""code"":510,""message"":""Requests are too frequent, please try again later""}"
2026-05-28 09:06:20,MEXC,AUDIO/USDT:USDT,15.0677,True,
2026-05-28 09:06:38,BINGX,PARTI/USDT:USDT,1.6064,True,
2026-05-28 09:06:39,BINGX,MERL/USDT:USDT,1.5199,True,
2026-05-28 09:07:20,BINGX,SAND/USDT:USDT,1.52,True,
2026-05-28 09:07:26,BINGX,BARD/USDT:USDT,1.5493,True,
2026-05-28 09:07:56,BINGX,WLD/USDT:USDT,1.6012,True,
2026-05-28 09:08:02,BINGX,FIL/USDT:USDT,1.5812,True,
2026-05-28 09:08:05,BINGX,TAO/USDT:USDT,1.5363,True,
2026-05-28 09:08:40,BINGX,BTC/USDT:USDT,1.5863,True,
2026-05-28 09:08:43,BINGX,VIRTUAL/USDT:USDT,1.5058,True,
2026-05-28 09:09:34,BINGX,DRIFT/USDT:USDT,1.558,True,
2026-05-28 09:10:12,BINGX,BTC/USDT:USDT,1.7101,True,
2026-05-28 09:10:58,BINGX,BTC/USDT:USDT,1.672,True,
2026-05-28 09:11:09,BINGX,WLFI/USDT:USDT,1.51,True,
2026-05-28 09:11:48,MEXC,FF/USDT:USDT,0.2399,False,"mexc {""success"":false,""code"":510,""message"":""Requests are too frequent, please try again later""}"
2026-05-28 09:11:48,BINGX,XAN/USDT:USDT,1.5391,True,
2026-05-28 09:11:51,BINGX,BIO/USDT:USDT,1.5164,True,
2026-05-28 09:11:58,BINGX,BARD/USDT:USDT,1.5314,True,
2026-05-28 09:12:03,MEXC,RON/USDT:USDT,15.0695,True,
2026-05-28 09:12:35,BINGX,XAN/USDT:USDT,1.512,True,
2026-05-28 09:13:22,BINGX,LINK/USDT:USDT,1.5176,True,
2026-05-28 09:13:29,BINGX,STABLE/USDT:USDT,1.5644,True,
2026-05-28 09:13:31,BINGX,BARD/USDT:USDT,1.5532,True,
2026-05-28 09:14:13,BINGX,0G/USDT:USDT,1.5379,True,
2026-05-28 09:14:51,BINGX,NEAR/USDT:USDT,1.5727,True,
2026-05-28 09:14:59,BINGX,PLUME/USDT:USDT,1.5493,True,
2026-05-28 09:16:19,BINGX,SOON/USDT:USDT,1.5514,True,
2026-05-28 09:16:29,BINGX,MERL/USDT:USDT,1.5022,True,
2026-05-28 09:17:04,BINGX,LINK/USDT:USDT,1.579,True,
2026-05-28 09:17:09,BINGX,PIEVERSE/USDT:USDT,1.5506,True,
2026-05-28 09:17:13,BINGX,ARKM/USDT:USDT,1.5488,True,
2026-05-28 09:17:35,MEXC,PENGU/USDT:USDT,0.2568,False,"mexc {""success"":false,""code"":510,""message"":""Requests are too frequent, please try again later""}"
2026-05-28 09:17:50,MEXC,FF/USDT:USDT,15.0672,True,
2026-05-28 09:17:54,BINGX,PIEVERSE/USDT:USDT,1.5226,True,
2026-05-28 09:17:56,BINGX,PROMPT/USDT:USDT,1.5697,True,
2026-05-28 09:19:21,BINGX,CFG/USDT:USDT,1.5186,True,
2026-05-28 09:19:23,BINGX,IO/USDT:USDT,1.588,True,
2026-05-28 09:20:04,BINGX,ATH/USDT:USDT,1.5699,True,
2026-05-28 09:21:24,MEXC,WET/USDT:USDT,0.2444,False,"mexc {""success"":false,""code"":510,""message"":""Requests are too frequent, please try again later""}"
2026-05-28 09:21:39,MEXC,INIT/USDT:USDT,15.0678,True,
2026-05-28 09:22:08,BINGX,DRIFT/USDT:USDT,1.5737,True,
2026-05-28 09:22:10,BINGX,BIO/USDT:USDT,1.5655,True,
2026-05-28 09:24:58,BINGX,PHA/USDT:USDT,1.5877,True,
2026-05-28 09:26:27,BINGX,GRASS/USDT:USDT,1.577,True,
2026-05-28 09:27:12,BINGX,0G/USDT:USDT,1.5051,True,
2026-05-28 09:29:03,MEXC,IRYS/USDT:USDT,0.2335,False,"mexc {""success"":false,""code"":510,""message"":""Requests are too frequent, please try again later""}"
2026-05-28 09:29:18,MEXC,KAIA/USDT:USDT,15.068,True,
2026-05-28 09:30:42,BINGX,ADA/USDT:USDT,1.5479,True,
2026-05-28 09:30:49,BINGX,HBAR/USDT:USDT,1.5995,True,
2026-05-28 09:30:51,BINGX,SOLV/USDT:USDT,1.6078,True,
2026-05-28 09:31:28,BINGX,DRIFT/USDT:USDT,1.5838,True,
2026-05-28 09:33:41,BINGX,PROMPT/USDT:USDT,1.5841,True,
2026-05-28 09:34:48,MEXC,JTO/USDT:USDT,0.2447,False,"mexc {""success"":false,""code"":510,""message"":""Requests are too frequent, please try again later""}"
2026-05-28 09:35:03,MEXC,PHA/USDT:USDT,15.0661,True,
2026-05-28 09:36:23,BINGX,ONT/USDT:USDT,1.564,True,
2026-05-28 09:37:40,BINGX,LINK/USDT:USDT,1.5206,True,
2026-05-28 09:37:46,BINGX,LAYER/USDT:USDT,1.5262,True,
2026-05-28 09:37:48,BINGX,ARKM/USDT:USDT,1.5169,True,
2026-05-28 09:38:21,BINGX,SHIB/USDT:USDT,1.5932,True,
2026-05-28 09:39:47,BINGX,AKT/USDT:USDT,1.5742,True,
2026-05-28 09:40:29,BINGX,AKT/USDT:USDT,1.5726,True,
2026-05-28 09:40:30,MEXC,HOME/USDT:USDT,0.1339,False,"mexc {""success"":false,""code"":510,""message"":""Requests are too frequent, please try again later""}"
2026-05-28 09:40:45,MEXC,CHIP/USDT:USDT,15.0969,True,
2026-05-28 09:41:46,BINGX,ICP/USDT:USDT,1.528,True,
2026-05-28 09:43:06,BINGX,SOL/USDT:USDT,1.565,True,
2026-05-28 09:45:18,BINGX,STABLE/USDT:USDT,1.5309,True,
2026-05-28 09:45:54,BINGX,JTO/USDT:USDT,1.5343,True,
2026-05-28 09:46:37,BINGX,LINK/USDT:USDT,1.5844,True,
2026-05-28 09:46:43,BINGX,ZAMA/USDT:USDT,1.521,True,
2026-05-28 09:47:13,BINGX,BTC/USDT:USDT,1.6799,True,
2026-05-28 09:47:20,BINGX,INIT/USDT:USDT,1.5934,True,
2026-05-28 09:48:00,BINGX,SHIB/USDT:USDT,1.5243,True,
2026-05-28 09:48:05,BINGX,AVAX/USDT:USDT,1.5313,True,
2026-05-28 09:48:07,MEXC,PENGU/USDT:USDT,0.2307,False,"mexc {""success"":false,""code"":510,""message"":""Requests are too frequent, please try again later""}"
2026-05-28 09:48:22,MEXC,FF/USDT:USDT,15.0674,True,
2026-05-28 09:48:44,BINGX,BIO/USDT:USDT,1.5709,True,
2026-05-28 09:49:33,BINGX,ENS/USDT:USDT,1.5368,True,
2026-05-28 09:50:55,BINGX,BLEND/USDT:USDT,1.552,True,
2026-05-28 09:51:33,BINGX,FET/USDT:USDT,1.5765,True,
2026-05-28 09:52:58,BINGX,ENS/USDT:USDT,1.5354,True,
2026-05-28 09:53:39,BINGX,CYS/USDT:USDT,1.5793,True,
2026-05-28 09:53:49,MEXC,USDC/USDT:USDT,0.2558,False,"mexc {""success"":false,""code"":510,""message"":""Requests are too frequent, please try again later""}"
2026-05-28 09:54:04,MEXC,IRYS/USDT:USDT,15.1479,True,
2026-05-28 09:54:20,BINGX,ZAMA/USDT:USDT,1.5387,True,
2026-05-28 09:55:02,BINGX,ARKM/USDT:USDT,1.5221,True,
2026-05-28 09:56:20,BINGX,INJ/USDT:USDT,1.504,True,
2026-05-28 09:57:03,BINGX,ILV/USDT:USDT,1.511,True,
2026-05-28 09:59:06,BINGX,PLUME/USDT:USDT,1.7195,True,
2026-05-28 09:59:29,MEXC,USDC/USDT:USDT,0.2514,False,"mexc {""success"":false,""code"":510,""message"":""Requests are too frequent, please try again later""}"
2026-05-28 09:59:44,MEXC,IRYS/USDT:USDT,15.0655,True,
2026-05-28 10:00:24,BINGX,KAIA/USDT:USDT,1.5904,True,
2026-05-28 10:01:46,BINGX,PENGU/USDT:USDT,1.5273,True,
2026-05-28 10:01:52,BINGX,AVAX/USDT:USDT,1.5488,True,
2026-05-28 10:01:55,BINGX,ARKM/USDT:USDT,1.515,True,
2026-05-28 10:04:35,BINGX,SAND/USDT:USDT,1.5105,True,
2026-05-28 10:05:13,MEXC,INIT/USDT:USDT,0.2413,False,"mexc {""success"":false,""code"":510,""message"":""Requests are too frequent, please try again later""}"
2026-05-28 10:05:28,MEXC,INJ/USDT:USDT,15.0855,True,
2026-05-28 10:05:49,BINGX,WLD/USDT:USDT,1.58,True,
2026-05-28 10:05:58,BINGX,CHZ/USDT:USDT,1.58,True,
2026-05-28 10:07:20,BINGX,ENS/USDT:USDT,1.5504,True,
2026-05-28 10:07:50,BINGX,BTC/USDT:USDT,1.7602,True,
2026-05-28 10:10:03,BINGX,OPG/USDT:USDT,1.5106,True,
2026-05-28 10:10:54,MEXC,FF/USDT:USDT,0.2455,False,"mexc {""success"":false,""code"":510,""message"":""Requests are too frequent, please try again later""}"
2026-05-28 10:11:09,MEXC,RON/USDT:USDT,15.0694,True,
2026-05-28 10:11:17,BINGX,WLD/USDT:USDT,1.5766,True,
2026-05-28 10:11:28,BINGX,NXPC/USDT:USDT,1.5166,True,
2026-05-28 10:14:41,BINGX,SAHARA/USDT:USDT,1.5349,True,
2026-05-28 10:16:39,MEXC,INIT/USDT:USDT,0.2438,False,"mexc {""success"":false,""code"":510,""message"":""Requests are too frequent, please try again later""}"
2026-05-28 10:16:54,MEXC,CHIP/USDT:USDT,15.0662,True,
2026-05-28 10:17:28,BINGX,ATH/USDT:USDT,1.5678,True,
2026-05-28 10:19:27,BINGX,XRP/USDT:USDT,1.5698,True,
2026-05-28 10:19:32,BINGX,INIT/USDT:USDT,1.5844,True,
2026-05-28 10:20:53,BINGX,SAHARA/USDT:USDT,1.5217,True,
2026-05-28 10:22:56,BINGX,SAHARA/USDT:USDT,1.5105,True,
2026-05-28 10:22:59,BINGX,WET/USDT:USDT,1.5671,True,
2026-05-28 10:23:37,BINGX,XLM/USDT:USDT,1.5871,True,
2026-05-28 10:24:21,BINGX,HIGH/USDT:USDT,1.5434,True,
2026-05-28 10:24:24,MEXC,INIT/USDT:USDT,0.2422,False,"mexc {""success"":false,""code"":510,""message"":""Requests are too frequent, please try again later""}"
2026-05-28 10:24:25,BINGX,GRASS/USDT:USDT,1.588,True,
2026-05-28 10:24:39,MEXC,CHIP/USDT:USDT,15.099,True,
2026-05-28 10:25:06,BINGX,OPG/USDT:USDT,1.5054,True,
2026-05-28 10:25:47,BINGX,DRIFT/USDT:USDT,1.6264,True,
2026-05-28 10:25:52,BINGX,CHZ/USDT:USDT,1.6053,True,
2026-05-28 10:27:09,BINGX,FF/USDT:USDT,1.5727,True,
2026-05-28 10:27:11,BINGX,PHA/USDT:USDT,1.579,True,
2026-05-28 10:27:14,BINGX,OPG/USDT:USDT,1.5825,True,
2026-05-28 10:28:36,BINGX,SAND/USDT:USDT,1.5808,True,
2026-05-28 10:29:22,BINGX,MERL/USDT:USDT,1.5626,True,
2026-05-28 10:30:37,BINGX,ENA/USDT:USDT,1.5781,True,
2026-05-28 10:30:46,BINGX,ENS/USDT:USDT,1.5274,True,
2026-05-28 10:31:22,BINGX,MANTRA/USDT:USDT,1.5321,True,
2026-05-28 10:32:02,BINGX,ONG/USDT:USDT,1.5854,True,
2026-05-28 10:32:02,MEXC,SUI/USDT:USDT,0.2441,False,"mexc {""success"":false,""code"":510,""message"":""Requests are too frequent, please try again later""}"
2026-05-28 10:32:11,BINGX,TRUST/USDT:USDT,1.5232,True,
2026-05-28 10:32:17,MEXC,SEI/USDT:USDT,15.0636,True,
2026-05-28 10:36:22,BINGX,ZAMA/USDT:USDT,1.5798,True,
2026-05-28 10:37:47,MEXC,XAN/USDT:USDT,0.2625,False,"mexc {""success"":false,""code"":510,""message"":""Requests are too frequent, please try again later""}"
2026-05-28 10:37:47,BINGX,BASED/USDT:USDT,1.5274,True,
2026-05-28 10:38:02,MEXC,KAIA/USDT:USDT,15.1142,True,
2026-05-28 10:38:21,BINGX,ADA/USDT:USDT,1.5718,True,
2026-05-28 10:39:10,BINGX,ETC/USDT:USDT,1.5197,True,
2026-05-28 10:41:07,BINGX,ONDO/USDT:USDT,1.5758,True,
2026-05-28 10:42:40,BINGX,STORJ/USDT:USDT,1.5781,True,
2026-05-28 10:42:43,BINGX,BASED/USDT:USDT,1.6204,True,
2026-05-28 10:43:13,BINGX,XRP/USDT:USDT,1.5778,True,
2026-05-28 10:43:19,BINGX,INIT/USDT:USDT,1.5184,True,
2026-05-28 10:44:04,BINGX,AKT/USDT:USDT,1.5737,True,
2026-05-28 10:44:45,BINGX,KAIA/USDT:USDT,1.5304,True,
2026-05-28 10:45:27,MEXC,IRYS/USDT:USDT,0.2558,False,"mexc {""success"":false,""code"":510,""message"":""Requests are too frequent, please try again later""}"
2026-05-28 10:45:33,BINGX,SAND/USDT:USDT,1.5791,True,
2026-05-28 10:45:42,MEXC,HIGH/USDT:USDT,15.0879,True,
2026-05-28 10:46:15,BINGX,FIL/USDT:USDT,1.524,True,
2026-05-28 10:47:41,BINGX,RON/USDT:USDT,1.5798,True,
2026-05-28 10:49:07,BINGX,ICP/USDT:USDT,1.5233,True,
2026-05-28 10:49:11,BINGX,MANTRA/USDT:USDT,1.514,True,
2026-05-28 10:51:57,BINGX,ONDO/USDT:USDT,1.5901,True,
2026-05-28 10:52:00,BINGX,XAN/USDT:USDT,1.585,True,
2026-05-28 10:52:02,BINGX,HOME/USDT:USDT,1.501,True,
2026-05-28 10:52:43,BINGX,KAIA/USDT:USDT,1.5753,True,
2026-05-28 10:53:05,MEXC,JTO/USDT:USDT,0.2406,False,"mexc {""success"":false,""code"":510,""message"":""Requests are too frequent, please try again later""}"
2026-05-28 10:53:20,MEXC,IP/USDT:USDT,15.065,True,
2026-05-28 10:53:27,BINGX,DRIFT/USDT:USDT,1.5113,True,
2026-05-28 10:54:06,BINGX,XLM/USDT:USDT,1.594,True,
2026-05-28 10:54:18,BINGX,STX/USDT:USDT,1.5712,True,
2026-05-28 10:57:04,BINGX,TRUMP/USDT:USDT,1.519,True,
2026-05-28 10:57:41,BINGX,LINK/USDT:USDT,1.5415,True,
2026-05-28 10:57:45,BINGX,GWEI/USDT:USDT,1.5764,True,
2026-05-28 10:57:46,BINGX,CYS/USDT:USDT,1.5227,True,
2026-05-28 10:57:48,BINGX,ENS/USDT:USDT,1.5181,True,
2026-05-28 10:59:01,BINGX,BTC/USDT:USDT,1.8055,True,
2026-05-28 10:59:14,BINGX,LAYER/USDT:USDT,1.5306,True,
2026-05-28 11:01:14,BINGX,SOON/USDT:USDT,1.5194,True,
2026-05-28 11:02:38,MEXC,JTO/USDT:USDT,0.244,False,"mexc {""success"":false,""code"":510,""message"":""Requests are too frequent, please try again later""}"
2026-05-28 11:02:44,BINGX,KAIA/USDT:USDT,1.5851,True,
2026-05-28 11:02:46,BINGX,CHIP/USDT:USDT,1.5159,True,
2026-05-28 11:02:51,BINGX,STABLE/USDT:USDT,1.537,True,
2026-05-28 11:02:53,MEXC,IP/USDT:USDT,15.0666,True,
2026-05-28 11:03:35,BINGX,POL/USDT:USDT,1.5846,True,
2026-05-28 11:04:51,BINGX,SUI/USDT:USDT,1.5268,True,
2026-05-28 11:04:54,BINGX,XAN/USDT:USDT,1.575,True,
2026-05-28 11:05:37,BINGX,XAN/USDT:USDT,1.5745,True,
2026-05-28 11:06:15,BINGX,ETH/USDT:USDT,1.5675,True,
2026-05-28 11:06:21,BINGX,MANTRA/USDT:USDT,1.5847,True,
2026-05-28 11:07:44,BINGX,HIGH/USDT:USDT,1.5242,True,
2026-05-28 11:07:48,BINGX,TAO/USDT:USDT,1.5123,True,
2026-05-28 11:08:34,BINGX,AZTEC/USDT:USDT,1.5068,True,
2026-05-28 11:09:09,BINGX,FIL/USDT:USDT,1.5203,True,
2026-05-28 11:09:15,BINGX,PARTI/USDT:USDT,1.5107,True,
2026-05-28 11:09:49,BINGX,FF/USDT:USDT,1.5381,True,
2026-05-28 11:11:14,BINGX,VIRTUAL/USDT:USDT,1.5674,True,
2026-05-28 11:12:15,MEXC,DBR/USDT:USDT,0.2461,False,"mexc {""success"":false,""code"":510,""message"":""Requests are too frequent, please try again later""}"
2026-05-28 11:12:30,MEXC,SHIB/USDT:USDT,15.074,True,
2026-05-28 11:14:12,BINGX,CFG/USDT:USDT,1.5688,True,
2026-05-28 11:14:14,BINGX,GWEI/USDT:USDT,1.5265,True,
2026-05-28 11:14:47,BINGX,ONDO/USDT:USDT,1.5673,True,
2026-05-28 11:14:55,BINGX,PRL/USDT:USDT,1.5077,True,
2026-05-28 11:14:58,BINGX,TRUST/USDT:USDT,1.5655,True,
2026-05-28 11:16:14,BINGX,FF/USDT:USDT,1.5313,True,
2026-05-28 11:16:53,BINGX,ETH/USDT:USDT,1.5722,True,
2026-05-28 11:17:03,BINGX,GWEI/USDT:USDT,1.5798,True,
2026-05-28 11:17:17,MEXC,NIL/USDT:USDT,3.5665,True,
2026-05-28 11:17:46,BINGX,STORJ/USDT:USDT,1.5131,True,
2026-05-28 11:18:00,MEXC,INJ/USDT:USDT,0.248,False,"mexc {""success"":false,""code"":510,""message"":""Requests are too frequent, please try again later""}"
2026-05-28 11:18:15,MEXC,WET/USDT:USDT,15.1442,True,
2026-05-28 11:18:19,BINGX,BTC/USDT:USDT,1.8081,True,
2026-05-28 11:18:24,BINGX,ADA/USDT:USDT,1.5931,True,
2026-05-28 11:19:53,BINGX,OPG/USDT:USDT,1.5169,True,
2026-05-28 11:19:55,BINGX,CHZ/USDT:USDT,1.6006,True,
2026-05-28 11:21:14,BINGX,KAIA/USDT:USDT,1.5236,True,
2026-05-28 11:21:21,BINGX,STABLE/USDT:USDT,1.5276,True,
2026-05-28 11:22:50,BINGX,TRUST/USDT:USDT,1.5816,True,
2026-05-28 11:23:22,BINGX,DOGE/USDT:USDT,1.5851,True,
2026-05-28 11:23:25,BINGX,JTO/USDT:USDT,1.5192,True,
2026-05-28 11:23:27,BINGX,INIT/USDT:USDT,1.5721,True,
2026-05-28 11:23:31,BINGX,FET/USDT:USDT,1.5352,True,
2026-05-28 11:24:11,BINGX,ONT/USDT:USDT,1.5403,True,
2026-05-28 11:24:13,BINGX,ILV/USDT:USDT,1.5387,True,
2026-05-28 11:24:15,BINGX,0G/USDT:USDT,1.512,True,
2026-05-28 11:24:46,BINGX,XRP/USDT:USDT,1.5764,True,
2026-05-28 11:25:32,BINGX,FF/USDT:USDT,1.5364,True,
2026-05-28 11:25:35,MEXC,DBR/USDT:USDT,0.2476,False,"mexc {""success"":false,""code"":510,""message"":""Requests are too frequent, please try again later""}"
2026-05-28 11:25:51,MEXC,HIGH/USDT:USDT,15.0706,True,
2026-05-28 11:26:12,BINGX,VIRTUAL/USDT:USDT,1.5728,True,
2026-05-28 11:26:14,BINGX,FF/USDT:USDT,1.5234,True,
2026-05-28 11:26:19,BINGX,OPG/USDT:USDT,1.5234,True,
2026-05-28 11:27:03,BINGX,AVAX/USDT:USDT,1.8104,True,
2026-05-28 11:27:46,BINGX,STORJ/USDT:USDT,1.5219,True,
2026-05-28 11:29:03,BINGX,DOGE/USDT:USDT,1.5916,True,
2026-05-28 11:29:04,BINGX,SAHARA/USDT:USDT,1.5085,True,
2026-05-28 11:29:48,BINGX,ONG/USDT:USDT,1.5093,True,
2026-05-28 11:30:41,BINGX,TRUST/USDT:USDT,1.5406,True,
2026-05-28 11:33:14,MEXC,KAIA/USDT:USDT,0.2448,False,"mexc {""success"":false,""code"":510,""message"":""Requests are too frequent, please try again later""}"
2026-05-28 11:33:26,BINGX,JTO/USDT:USDT,1.5103,True,
2026-05-28 11:33:29,BINGX,CFG/USDT:USDT,1.5135,True,
2026-05-28 11:33:29,MEXC,USDC/USDT:USDT,15.0647,True,
2026-05-28 11:34:05,BINGX,ALT/USDT:USDT,1.5195,True,
2026-05-28 11:34:11,BINGX,SAND/USDT:USDT,1.5289,True,
2026-05-28 11:35:41,BINGX,ENS/USDT:USDT,1.5386,True,
2026-05-28 11:36:23,BINGX,LAYER/USDT:USDT,1.5283,True,
2026-05-28 11:36:56,BINGX,ICP/USDT:USDT,1.5158,True,
2026-05-28 11:39:05,BINGX,LINK/USDT:USDT,1.5252,True,
2026-05-28 11:39:08,BINGX,ATH/USDT:USDT,1.6135,True,
2026-05-28 11:40:32,BINGX,MEGA/USDT:USDT,1.5893,True,
2026-05-28 11:40:52,MEXC,PHA/USDT:USDT,0.2516,False,"mexc {""success"":false,""code"":510,""message"":""Requests are too frequent, please try again later""}"
2026-05-28 11:41:07,MEXC,INJ/USDT:USDT,15.0666,True,
2026-05-28 11:41:49,BINGX,TRX/USDT:USDT,1.5187,True,
2026-05-28 11:41:55,BINGX,GRASS/USDT:USDT,1.5345,True,
2026-05-28 11:43:53,BINGX,XLM/USDT:USDT,1.5057,True,
2026-05-28 11:44:00,BINGX,PIEVERSE/USDT:USDT,1.5208,True,
2026-05-28 11:44:02,BINGX,TRUMP/USDT:USDT,1.5168,True,
2026-05-28 11:45:21,BINGX,ADA/USDT:USDT,1.5013,True,
2026-05-28 11:46:07,BINGX,MANTRA/USDT:USDT,1.5731,True,
2026-05-28 11:46:13,BINGX,BARD/USDT:USDT,1.5558,True,
2026-05-28 11:46:55,BINGX,STX/USDT:USDT,1.5302,True,
2026-05-28 11:48:07,BINGX,ONDO/USDT:USDT,1.649,True,
2026-05-28 11:48:10,BINGX,IP/USDT:USDT,1.5301,True,
2026-05-28 11:48:14,BINGX,PLUME/USDT:USDT,1.5143,True,
2026-05-28 11:48:19,BINGX,PROMPT/USDT:USDT,1.5092,True,
2026-05-28 11:49:33,BINGX,XRP/USDT:USDT,1.5755,True,
2026-05-28 11:50:26,BINGX,PARTI/USDT:USDT,1.5375,True,
2026-05-28 11:50:26,MEXC,PHA/USDT:USDT,0.2418,False,"mexc {""success"":false,""code"":510,""message"":""Requests are too frequent, please try again later""}"
2026-05-28 11:50:41,MEXC,INJ/USDT:USDT,15.0882,True,
2026-05-28 11:50:59,BINGX,FF/USDT:USDT,1.5334,True,
2026-05-28 11:51:10,BINGX,UNI/USDT:USDT,1.5292,True,
2026-05-28 11:51:53,BINGX,ETC/USDT:USDT,1.523,True,
2026-05-28 11:52:27,BINGX,ADA/USDT:USDT,1.5842,True,
2026-05-28 11:52:29,BINGX,FIL/USDT:USDT,1.5687,True,
2026-05-28 11:52:30,BINGX,PHA/USDT:USDT,1.6544,True,
2026-05-28 11:52:33,BINGX,PLUME/USDT:USDT,2.5522,True,
2026-05-28 11:52:35,BINGX,0G/USDT:USDT,1.5213,True,
2026-05-28 11:53:10,BINGX,ONDO/USDT:USDT,1.5285,True,
2026-05-28 11:53:15,BINGX,XAN/USDT:USDT,1.948,True,
2026-05-28 11:53:16,BINGX,HOME/USDT:USDT,1.516,True,
2026-05-28 11:53:18,BINGX,ONT/USDT:USDT,1.5334,True,
2026-05-28 11:53:19,BINGX,ATH/USDT:USDT,1.62,True,
2026-05-28 11:53:19,BINGX,PIEVERSE/USDT:USDT,1.574,True,
2026-05-28 11:53:21,BINGX,STORJ/USDT:USDT,1.5284,True,
2026-05-28 11:53:22,BINGX,CHZ/USDT:USDT,1.6387,True,
2026-05-28 11:53:23,BINGX,POL/USDT:USDT,1.5167,True,
2026-05-28 11:53:57,BINGX,SOL/USDT:USDT,1.5302,True,
2026-05-28 11:53:59,BINGX,ICP/USDT:USDT,1.5016,True,
2026-05-28 11:54:04,BINGX,WET/USDT:USDT,1.5239,True,
2026-05-28 11:54:05,BINGX,ONT/USDT:USDT,1.5834,True,
2026-05-28 11:54:08,BINGX,STORJ/USDT:USDT,1.5102,True,
2026-05-28 11:54:10,BINGX,0G/USDT:USDT,1.5702,True,
2026-05-28 11:54:11,BINGX,POL/USDT:USDT,1.5198,True,
2026-05-28 11:54:43,BINGX,ETH/USDT:USDT,1.588,True,
2026-05-28 11:54:45,BINGX,SUI/USDT:USDT,1.5913,True,
2026-05-28 11:54:48,BINGX,XAN/USDT:USDT,1.5969,True,
2026-05-28 11:54:51,BINGX,OPG/USDT:USDT,1.5314,True,
2026-05-28 11:54:54,BINGX,STORJ/USDT:USDT,1.5306,True,
2026-05-28 11:54:58,BINGX,TRUST/USDT:USDT,1.5292,True,
2026-05-28 11:54:58,BINGX,SOLV/USDT:USDT,1.529,True,
2026-05-28 11:55:28,BINGX,BTC/USDT:USDT,1.5733,True,
2026-05-28 11:55:29,BINGX,WLD/USDT:USDT,1.5752,True,
2026-05-28 11:55:31,BINGX,SUI/USDT:USDT,1.6246,True,
2026-05-28 11:55:32,BINGX,ENA/USDT:USDT,1.567,True,
2026-05-28 11:55:39,BINGX,ATH/USDT:USDT,1.5089,True,
2026-05-28 11:55:41,BINGX,STORJ/USDT:USDT,1.5323,True,
2026-05-28 11:56:27,BINGX,GRASS/USDT:USDT,1.5274,True,
2026-05-28 11:56:27,BINGX,WLFI/USDT:USDT,1.51,True,
2026-05-28 11:56:29,BINGX,ALLO/USDT:USDT,1.5158,True,
2026-05-28 11:57:03,BINGX,WLD/USDT:USDT,1.5865,True,
2026-05-28 11:57:05,BINGX,NEAR/USDT:USDT,1.5263,True,
2026-05-28 11:57:06,BINGX,SEI/USDT:USDT,1.5074,True,
2026-05-28 11:57:50,BINGX,XRP/USDT:USDT,1.5772,True,
2026-05-28 11:57:50,BINGX,SOL/USDT:USDT,1.5181,True,
2026-05-28 11:57:52,BINGX,SEI/USDT:USDT,1.5025,True,
2026-05-28 11:57:58,BINGX,CFG/USDT:USDT,1.5034,True,
2026-05-28 11:58:00,BINGX,PLUME/USDT:USDT,1.5147,True,
2026-05-28 11:58:03,BINGX,POL/USDT:USDT,1.5742,True,
2026-05-28 11:58:05,BINGX,ENS/USDT:USDT,1.5219,True,
2026-05-28 11:58:05,MEXC,DRIFT/USDT:USDT,0.252,False,"mexc {""success"":false,""code"":510,""message"":""Requests are too frequent, please try again later""}"
2026-05-28 11:58:20,MEXC,IN/USDT:USDT,15.1124,True,
2026-05-28 11:58:38,BINGX,TRX/USDT:USDT,1.5869,True,
2026-05-28 11:58:40,BINGX,RON/USDT:USDT,1.5054,True,
2026-05-28 11:58:41,BINGX,XAN/USDT:USDT,1.543,True,
2026-05-28 11:58:41,BINGX,JTO/USDT:USDT,1.5714,True,
2026-05-28 11:58:45,BINGX,OPG/USDT:USDT,1.5093,True,
2026-05-28 11:58:46,BINGX,ILV/USDT:USDT,1.5152,True,
2026-05-28 11:58:48,BINGX,TRUMP/USDT:USDT,1.5221,True,
2026-05-28 11:59:22,BINGX,ETH/USDT:USDT,1.5923,True,
2026-05-28 11:59:24,BINGX,NEAR/USDT:USDT,1.5348,True,
2026-05-28 11:59:31,BINGX,AKT/USDT:USDT,1.8745,True,
2026-05-28 11:59:33,BINGX,ATH/USDT:USDT,1.6864,True,
2026-05-28 12:00:16,BINGX,IP/USDT:USDT,1.537,True,
2026-05-28 12:00:22,BINGX,AVAX/USDT:USDT,1.5207,True,
2026-05-28 12:00:23,BINGX,IO/USDT:USDT,1.5098,True,
2026-05-28 12:00:58,BINGX,VIRTUAL/USDT:USDT,1.5128,True,
2026-05-28 12:01:01,BINGX,IRYS/USDT:USDT,1.5236,True,
2026-05-28 12:01:02,BINGX,XAN/USDT:USDT,1.6044,True,
2026-05-28 12:01:07,BINGX,MEGA/USDT:USDT,1.506,True,
2026-05-28 12:01:09,BINGX,GWEI/USDT:USDT,1.5293,True,
2026-05-28 12:01:11,BINGX,CYS/USDT:USDT,1.5135,True,
2026-05-28 12:01:13,BINGX,TRUST/USDT:USDT,1.5213,True,
2026-05-28 12:01:46,BINGX,VIRTUAL/USDT:USDT,1.5099,True,
2026-05-28 12:01:50,BINGX,JTO/USDT:USDT,1.549,True,
2026-05-28 12:01:55,BINGX,MEGA/USDT:USDT,1.5381,True,
2026-05-28 12:01:58,BINGX,CYS/USDT:USDT,1.5019,True,
2026-05-28 12:01:58,BINGX,0G/USDT:USDT,1.5204,True,
2026-05-28 12:02:34,BINGX,DOGE/USDT:USDT,1.505,True,
2026-05-28 12:02:37,BINGX,ADA/USDT:USDT,1.6629,True,
2026-05-28 12:02:37,BINGX,IRYS/USDT:USDT,1.5729,True,
2026-05-28 12:02:39,BINGX,FIL/USDT:USDT,1.5026,True,
2026-05-28 12:02:42,BINGX,SAND/USDT:USDT,1.5137,True,
2026-05-28 12:02:42,BINGX,MEGA/USDT:USDT,1.5347,True,
2026-05-28 12:02:47,BINGX,SOLV/USDT:USDT,1.5308,True,
2026-05-28 12:02:48,BINGX,ZAMA/USDT:USDT,1.5097,True,
2026-05-28 12:03:20,BINGX,XRP/USDT:USDT,1.5793,True,
2026-05-28 12:03:21,BINGX,SOL/USDT:USDT,1.5239,True,
2026-05-28 12:03:24,BINGX,ONG/USDT:USDT,1.524,True,
2026-05-28 12:03:25,BINGX,HIGH/USDT:USDT,1.6298,True,
2026-05-28 12:03:29,BINGX,AKT/USDT:USDT,1.5831,True,
2026-05-28 12:03:29,BINGX,SAND/USDT:USDT,1.5113,True,
2026-05-28 12:03:34,BINGX,POL/USDT:USDT,1.5297,True,
2026-05-28 12:04:06,BINGX,XRP/USDT:USDT,1.7361,True,
2026-05-28 12:04:07,BINGX,VIRTUAL/USDT:USDT,1.6078,True,
2026-05-28 12:04:09,BINGX,ONG/USDT:USDT,1.5709,True,
2026-05-28 12:04:12,BINGX,CHIP/USDT:USDT,1.5085,True,
2026-05-28 12:04:51,BINGX,BTC/USDT:USDT,1.6197,True,
2026-05-28 12:04:54,BINGX,DOGE/USDT:USDT,1.6576,True,
2026-05-28 12:04:56,BINGX,PENGU/USDT:USDT,1.5234,True,
2026-05-28 12:04:59,BINGX,NIL/USDT:USDT,1.5176,True,
2026-05-28 12:05:00,BINGX,HOME/USDT:USDT,1.5206,True,
2026-05-28 12:05:02,BINGX,TAO/USDT:USDT,1.5208,True,
2026-05-28 12:05:05,BINGX,ALLO/USDT:USDT,1.531,True,
2026-05-28 12:05:06,BINGX,0G/USDT:USDT,1.598,True,
2026-05-28 12:05:06,BINGX,LAYER/USDT:USDT,1.6267,True,
2026-05-28 12:05:39,BINGX,ALT/USDT:USDT,1.5164,True,
2026-05-28 12:05:41,BINGX,SAHARA/USDT:USDT,1.5118,True,
2026-05-28 12:05:48,MEXC,HIGH/USDT:USDT,0.1515,False,"mexc {""success"":false,""code"":510,""message"":""Requests are too frequent, please try again later""}"
2026-05-28 12:06:03,MEXC,XAN/USDT:USDT,15.1261,True,
2026-05-28 12:06:32,BINGX,BCH/USDT:USDT,1.5726,True,
2026-05-28 12:06:35,BINGX,SOLV/USDT:USDT,1.5326,True,
2026-05-28 12:07:16,BINGX,LAYER/USDT:USDT,1.5028,True,
2026-05-28 12:07:55,BINGX,RENDER/USDT:USDT,1.5334,True,
2026-05-28 12:08:34,BINGX,HIGH/USDT:USDT,1.5543,True,
2026-05-28 12:08:40,BINGX,BCH/USDT:USDT,1.5209,True,
2026-05-28 12:09:26,BINGX,BARD/USDT:USDT,1.524,True,
2026-05-28 12:09:58,BINGX,ICP/USDT:USDT,1.5201,True,
2026-05-28 12:10:39,BINGX,XLM/USDT:USDT,1.58,True,
2026-05-28 12:11:25,BINGX,XAN/USDT:USDT,1.5851,True,
2026-05-28 12:11:27,BINGX,HOME/USDT:USDT,1.5665,True,
2026-05-28 12:11:29,BINGX,TAO/USDT:USDT,1.5672,True,
2026-05-28 12:12:05,BINGX,ENA/USDT:USDT,1.5187,True,
2026-05-28 12:12:10,BINGX,TAO/USDT:USDT,1.5208,True,
2026-05-28 12:12:52,BINGX,PLUME/USDT:USDT,1.5661,True,
2026-05-28 12:13:32,MEXC,XAN/USDT:USDT,0.2461,False,"mexc {""success"":false,""code"":510,""message"":""Requests are too frequent, please try again later""}"
2026-05-28 12:13:47,MEXC,USDC/USDT:USDT,15.1005,True,
2026-05-28 12:14:12,BINGX,ALT/USDT:USDT,1.5207,True,
2026-05-28 12:14:14,BINGX,KAIA/USDT:USDT,1.5141,True,
2026-05-28 12:14:16,BINGX,INJ/USDT:USDT,1.5303,True,
2026-05-28 12:14:19,BINGX,AVAX/USDT:USDT,1.5036,True,
2026-05-28 12:14:23,BINGX,MERL/USDT:USDT,1.5308,True,
2026-05-28 12:14:55,BINGX,VIRTUAL/USDT:USDT,1.5352,True,
2026-05-28 12:16:20,BINGX,TRX/USDT:USDT,1.521,True,
2026-05-28 12:17:05,BINGX,DRIFT/USDT:USDT,1.5151,True,
2026-05-28 12:17:08,BINGX,PIEVERSE/USDT:USDT,1.5268,True,
2026-05-28 12:18:28,BINGX,ONG/USDT:USDT,1.5335,True,
2026-05-28 12:18:29,BINGX,NIL/USDT:USDT,1.5036,True,
2026-05-28 12:18:43,BINGX,MERL/USDT:USDT,1.6234,True,
2026-05-28 12:19:26,BINGX,SOLV/USDT:USDT,1.5771,True,
2026-05-28 12:19:56,BINGX,XLM/USDT:USDT,1.5853,True,
2026-05-28 12:19:59,BINGX,ADA/USDT:USDT,1.575,True,
2026-05-28 12:20:00,BINGX,FIL/USDT:USDT,1.501,True,
2026-05-28 12:20:42,BINGX,DRIFT/USDT:USDT,1.5247,True,
2026-05-28 12:20:49,BINGX,BASED/USDT:USDT,1.5112,True,
2026-05-28 12:22:04,BINGX,ICP/USDT:USDT,1.5629,True,
2026-05-28 12:22:08,BINGX,INJ/USDT:USDT,1.5106,True,
2026-05-28 12:22:12,BINGX,STORJ/USDT:USDT,1.5168,True,
2026-05-28 12:22:49,BINGX,ADA/USDT:USDT,1.5296,True,
2026-05-28 12:22:52,BINGX,WET/USDT:USDT,1.564,True,
2026-05-28 12:22:53,BINGX,TAO/USDT:USDT,1.5359,True,
2026-05-28 12:23:25,MEXC,HIGH/USDT:USDT,0.2559,False,"mexc {""success"":false,""code"":510,""message"":""Requests are too frequent, please try again later""}"
2026-05-28 12:23:37,BINGX,CYS/USDT:USDT,1.5226,True,
2026-05-28 12:23:40,MEXC,KAIA/USDT:USDT,15.0725,True,
2026-05-28 12:25:37,BINGX,FF/USDT:USDT,1.5372,True,
2026-05-28 12:25:38,BINGX,LINK/USDT:USDT,1.5725,True,
2026-05-28 12:25:44,BINGX,0G/USDT:USDT,1.5107,True,
2026-05-28 12:26:15,BINGX,ETH/USDT:USDT,1.5741,True,
2026-05-28 12:27:08,BINGX,LA/USDT:USDT,1.5245,True,
2026-05-28 12:27:44,BINGX,WET/USDT:USDT,1.5668,True,
2026-05-28 12:29:07,BINGX,ADA/USDT:USDT,1.5468,True,
2026-05-28 12:29:11,BINGX,SAND/USDT:USDT,1.538,True,
2026-05-28 12:29:59,BINGX,POL/USDT:USDT,1.5298,True,
2026-05-28 12:30:36,BINGX,MANTRA/USDT:USDT,1.5497,True,
2026-05-28 12:31:10,MEXC,LINK/USDT:USDT,0.2461,False,"mexc {""success"":false,""code"":510,""message"":""Requests are too frequent, please try again later""}"
2026-05-28 12:31:25,MEXC,IN/USDT:USDT,15.0759,True,
2026-05-28 12:32:05,BINGX,ILV/USDT:USDT,1.5813,True,
2026-05-28 12:32:41,BINGX,PENGU/USDT:USDT,1.5214,True,
2026-05-28 12:32:51,BINGX,ZAMA/USDT:USDT,1.5512,True,
2026-05-28 12:33:20,BINGX,BTC/USDT:USDT,1.6606,True,
2026-05-28 12:33:27,BINGX,BIO/USDT:USDT,1.5384,True,
2026-05-28 12:33:29,BINGX,MEGA/USDT:USDT,1.5137,True,
2026-05-28 12:33:33,BINGX,AZTEC/USDT:USDT,1.5389,True,
2026-05-28 12:34:12,BINGX,GRASS/USDT:USDT,1.5292,True,
2026-05-28 12:34:50,BINGX,FIL/USDT:USDT,1.5021,True,
2026-05-28 12:35:28,BINGX,ONDO/USDT:USDT,1.5702,True,
2026-05-28 12:35:40,BINGX,LA/USDT:USDT,1.5301,True,
2026-05-28 12:36:13,BINGX,SAHARA/USDT:USDT,1.5243,True,
2026-05-28 12:36:57,BINGX,HOME/USDT:USDT,1.5747,True,
2026-05-28 12:37:02,BINGX,STORJ/USDT:USDT,1.5703,True,
2026-05-28 12:37:05,BINGX,PROMPT/USDT:USDT,1.5285,True,
2026-05-28 12:37:34,BINGX,BTC/USDT:USDT,2.3944,True,
2026-05-28 12:37:38,BINGX,RON/USDT:USDT,1.57,True,
2026-05-28 12:37:45,BINGX,PLUME/USDT:USDT,1.7155,True,
2026-05-28 12:38:29,BINGX,BARD/USDT:USDT,1.5982,True,
2026-05-28 12:38:30,BINGX,MERL/USDT:USDT,1.5664,True,
2026-05-28 12:39:05,BINGX,HOME/USDT:USDT,1.5233,True,
2026-05-28 12:39:50,BINGX,TRX/USDT:USDT,1.541,True,
2026-05-28 12:39:58,BINGX,ALLO/USDT:USDT,1.5255,True,
2026-05-28 12:40:47,MEXC,PENGU/USDT:USDT,0.2554,False,"mexc {""success"":false,""code"":510,""message"":""Requests are too frequent, please try again later""}"
2026-05-28 12:41:03,MEXC,SAHARA/USDT:USDT,15.1031,True,
2026-05-28 12:46:35,MEXC,IN/USDT:USDT,0.25,False,"mexc {""success"":false,""code"":510,""message"":""Requests are too frequent, please try again later""}"
2026-05-28 12:46:50,MEXC,DRIFT/USDT:USDT,15.0718,True,
2026-05-28 12:54:16,MEXC,IRYS/USDT:USDT,0.2432,False,"mexc {""success"":false,""code"":510,""message"":""Requests are too frequent, please try again later""}"
2026-05-28 12:54:31,MEXC,XAN/USDT:USDT,15.0776,True,
2026-05-28 12:59:36,BITGET,WLD/USDT:USDT,1.8979,True,
2026-05-28 12:59:37,BITGET,XRP/USDT:USDT,2.1998,True,
2026-05-28 12:59:37,BITGET,ETH/USDT:USDT,2.2045,True,
2026-05-28 12:59:37,BINGX,BTC/USDT:USDT,1.7592,True,
2026-05-28 12:59:37,BINGX,WLD/USDT:USDT,1.5583,True,
2026-05-28 12:59:37,BINGX,ETH/USDT:USDT,1.6252,True,
2026-05-28 13:02:01,MEXC,XAN/USDT:USDT,0.2572,False,"mexc {""success"":false,""code"":510,""message"":""Requests are too frequent, please try again later""}"
2026-05-28 13:02:17,MEXC,USDC/USDT:USDT,15.119,True,
2026-05-28 13:07:53,MEXC,NIL/USDT:USDT,0.2311,False,"mexc {""success"":false,""code"":510,""message"":""Requests are too frequent, please try again later""}"
2026-05-28 13:08:08,MEXC,IN/USDT:USDT,15.0698,True,
2026-05-28 13:13:42,MEXC,ICP/USDT:USDT,0.2454,False,"mexc {""success"":false,""code"":510,""message"":""Requests are too frequent, please try again later""}"
2026-05-28 13:13:57,MEXC,SEI/USDT:USDT,15.0768,True,
2026-05-28 13:17:32,MEXC,SHIB/USDT:USDT,0.3069,False,"mexc {""success"":false,""code"":510,""message"":""Requests are too frequent, please try again later""}"
2026-05-28 13:17:47,MEXC,HIGH/USDT:USDT,15.0912,True,
2026-05-28 13:23:21,MEXC,SUI/USDT:USDT,0.2445,False,"mexc {""success"":false,""code"":510,""message"":""Requests are too frequent, please try again later""}"
2026-05-28 13:23:36,MEXC,NEAR/USDT:USDT,15.0653,True,
2026-05-28 13:29:11,MEXC,INIT/USDT:USDT,0.1664,False,"mexc {""success"":false,""code"":510,""message"":""Requests are too frequent, please try again later""}"
2026-05-28 13:31:06,MEXC,REQ/USDT:USDT,0.2722,False,"mexc {""success"":false,""code"":510,""message"":""Requests are too frequent, please try again later""}"
2026-05-28 13:31:22,MEXC,EDEN/USDT:USDT,15.0874,True,
2026-05-28 13:34:54,MEXC,TRX/USDT:USDT,0.2164,False,"mexc {""success"":false,""code"":510,""message"":""Requests are too frequent, please try again later""}"
2026-05-28 13:35:09,MEXC,ICP/USDT:USDT,15.0678,True,
2026-05-28 13:38:44,MEXC,INIT/USDT:USDT,0.2435,False,"mexc {""success"":false,""code"":510,""message"":""Requests are too frequent, please try again later""}"
2026-05-28 13:41:28,BITGET,XRP/USDT:USDT,1.5984,True,
2026-05-28 13:41:28,BITGET,ETH/USDT:USDT,1.6975,True,
2026-05-28 13:41:29,BINGX,XRP/USDT:USDT,1.7213,True,
2026-05-28 13:41:29,BINGX,ETH/USDT:USDT,1.7877,True,
2026-05-28 13:41:29,BINGX,WLD/USDT:USDT,1.8156,True,
2026-05-28 13:44:24,BINGX,ETH/USDT:USDT,1.5903,True,
2026-05-28 13:44:24,BINGX,WLD/USDT:USDT,1.7115,True,
2026-05-28 13:44:24,BINGX,XRP/USDT:USDT,1.7126,True,
2026-05-28 13:44:25,GATEIO,XRP/USDT:USDT,1.5987,True,
2026-05-28 13:44:25,GATEIO,ETH/USDT:USDT,1.597,True,
2026-05-28 13:44:26,GATEIO,WLD/USDT:USDT,1.6997,True,
2026-05-28 13:44:34,MEXC,XLM/USDT:USDT,0.2556,False,"mexc {""success"":false,""code"":510,""message"":""Requests are too frequent, please try again later""}"
2026-05-28 13:44:49,MEXC,ONDO/USDT:USDT,15.059,True,
2026-05-28 13:48:24,MEXC,PEAQ/USDT:USDT,0.2665,False,"mexc {""success"":false,""code"":510,""message"":""Requests are too frequent, please try again later""}"
2026-05-28 13:48:39,MEXC,ADA/USDT:USDT,15.0761,True,
2026-05-28 13:56:05,MEXC,HOME/USDT:USDT,0.2484,False,"mexc {""success"":false,""code"":510,""message"":""Requests are too frequent, please try again later""}"
2026-05-28 13:56:20,MEXC,INIT/USDT:USDT,15.064,True,
2026-05-28 14:00:02,GATEIO,PUFFER/USDT:USDT,1.5175,True,
2026-05-28 14:00:02,GATEIO,BRETT/USDT:USDT,1.5027,True,
2026-05-28 14:00:02,GATEIO,POL/USDT:USDT,1.5018,True,
2026-05-28 14:01:48,MEXC,PENGU/USDT:USDT,0.2676,False,"mexc {""success"":false,""code"":510,""message"":""Requests are too frequent, please try again later""}"
2026-05-28 14:02:03,MEXC,FF/USDT:USDT,15.1137,True,
2026-05-28 14:03:24,BINGX,SOL/USDT:USDT,1.799,True,
2026-05-28 14:03:25,BINGX,ONDO/USDT:USDT,2.2723,True,
2026-05-28 14:03:27,BINGX,WLD/USDT:USDT,4.5049,True,
2026-05-28 14:05:38,MEXC,KAIA/USDT:USDT,0.2446,False,"mexc {""success"":false,""code"":510,""message"":""Requests are too frequent, please try again later""}"
2026-05-28 14:05:53,MEXC,IRYS/USDT:USDT,15.0744,True,
2026-05-28 14:11:23,MEXC,ADA/USDT:USDT,0.2512,False,"mexc {""success"":false,""code"":510,""message"":""Requests are too frequent, please try again later""}"
2026-05-28 14:11:38,MEXC,PENGU/USDT:USDT,15.0715,True,
2026-05-28 14:17:11,MEXC,BIO/USDT:USDT,0.2474,False,"mexc {""success"":false,""code"":510,""message"":""Requests are too frequent, please try again later""}"
2026-05-28 14:17:26,MEXC,SAND/USDT:USDT,15.1904,True,
2026-05-28 14:22:58,MEXC,NIL/USDT:USDT,0.2204,False,"mexc {""success"":false,""code"":510,""message"":""Requests are too frequent, please try again later""}"
2026-05-28 14:23:13,MEXC,INJ/USDT:USDT,15.1188,True,
2026-05-28 14:27:54,BITGET,BIO/USDT:USDT,1.9829,True,
2026-05-28 14:27:54,BITGET,CFG/USDT:USDT,1.6929,True,
2026-05-28 14:28:45,MEXC,BIO/USDT:USDT,0.2115,False,"mexc {""success"":false,""code"":510,""message"":""Requests are too frequent, please try again later""}"
2026-05-28 14:29:00,MEXC,SAND/USDT:USDT,15.0756,True,
2026-05-28 14:34:33,MEXC,SAND/USDT:USDT,0.2438,False,"mexc {""success"":false,""code"":510,""message"":""Requests are too frequent, please try again later""}"
2026-05-28 14:34:48,MEXC,BIO/USDT:USDT,15.105,True,
2026-05-28 14:42:13,MEXC,EUL/USDT:USDT,0.2433,False,"mexc {""success"":false,""code"":510,""message"":""Requests are too frequent, please try again later""}"
2026-05-28 14:42:28,MEXC,ORBS/USDT:USDT,15.0561,True,
2026-05-28 14:47:54,MEXC,XAN/USDT:USDT,0.2461,False,"mexc {""success"":false,""code"":510,""message"":""Requests are too frequent, please try again later""}"
2026-05-28 14:48:09,MEXC,IRYS/USDT:USDT,15.07,True,
2026-05-28 14:55:33,MEXC,PEAQ/USDT:USDT,0.2634,False,"mexc {""success"":false,""code"":510,""message"":""Requests are too frequent, please try again later""}"
2026-05-28 14:55:48,MEXC,ADA/USDT:USDT,15.0885,True,
2026-05-28 15:01:18,MEXC,DRIFT/USDT:USDT,0.5637,False,"mexc {""success"":false,""code"":510,""message"":""Requests are too frequent, please try again later""}"
2026-05-28 15:01:33,MEXC,BIO/USDT:USDT,15.0451,True,
2026-05-28 15:04:31,BINGX,ETH/USDT:USDT,1.5038,True,
2026-05-28 15:08:56,MEXC,INJ/USDT:USDT,0.2125,False,"mexc {""success"":false,""code"":510,""message"":""Requests are too frequent, please try again later""}"
2026-05-28 15:09:11,MEXC,SAND/USDT:USDT,15.0585,True,
2026-05-28 15:11:50,GATEIO,XRP/USDT:USDT,1.7349,True,
2026-05-28 15:11:50,GATEIO,ETH/USDT:USDT,1.8272,True,
2026-05-28 15:11:50,GATEIO,WLD/USDT:USDT,1.8301,True,
2026-05-28 15:11:51,BINGX,XRP/USDT:USDT,1.8325,True,
2026-05-28 15:11:51,BINGX,WLD/USDT:USDT,1.8338,True,
2026-05-28 15:11:51,BINGX,ETH/USDT:USDT,1.959,True,
2026-05-28 15:12:46,MEXC,EUL/USDT:USDT,0.2876,False,"mexc {""success"":false,""code"":510,""message"":""Requests are too frequent, please try again later""}"
2026-05-28 15:13:01,MEXC,ORBS/USDT:USDT,15.1068,True,
2026-05-28 15:18:31,MEXC,INJ/USDT:USDT,0.2221,False,"mexc {""success"":false,""code"":510,""message"":""Requests are too frequent, please try again later""}"
2026-05-28 15:18:46,MEXC,MANTRA/USDT:USDT,15.0656,True,
2026-05-28 15:26:06,BITGET,XRP/USDT:USDT,1.5758,True,
2026-05-28 15:26:06,BITGET,ETH/USDT:USDT,1.5829,True,
2026-05-28 15:26:07,BITGET,WLD/USDT:USDT,1.6271,True,
2026-05-28 15:26:07,BINGX,WLD/USDT:USDT,1.7868,True,
2026-05-28 15:26:07,BINGX,XRP/USDT:USDT,1.8887,True,
2026-05-28 15:26:07,BINGX,ETH/USDT:USDT,2.0902,True,
2026-05-28 15:31:56,MEXC,SOL/USDT:USDT,0.2496,False,"mexc {""success"":false,""code"":510,""message"":""Requests are too frequent, please try again later""}"
2026-05-28 15:32:11,MEXC,DOGE/USDT:USDT,15.1056,True,
2026-05-28 15:33:06,GATEIO,BTR/USDT:USDT,2.741,True,
2026-05-28 15:33:06,GATEIO,CFG/USDT:USDT,2.6944,True,
2026-05-28 15:33:06,GATEIO,FIL/USDT:USDT,2.7616,True,
2026-05-28 15:33:06,GATEIO,BIO/USDT:USDT,2.7623,True,
2026-05-28 15:35:49,MEXC,MANTRA/USDT:USDT,0.2749,False,"mexc {""success"":false,""code"":510,""message"":""Requests are too frequent, please try again later""}"
2026-05-28 15:36:04,MEXC,BTR/USDT:USDT,15.1063,True,
2026-05-28 15:36:23,BINGX,HOME/USDT:USDT,1.8193,True,
2026-05-28 15:41:34,MEXC,BIO/USDT:USDT,0.2556,False,"mexc {""success"":false,""code"":510,""message"":""Requests are too frequent, please try again later""}"
2026-05-28 15:41:49,MEXC,WET/USDT:USDT,15.0669,True,
2026-05-28 15:59:12,BINGX,ETH/USDT:USDT,1.6068,True,
2026-05-28 15:59:12,BINGX,WLD/USDT:USDT,1.6995,True,
2026-05-28 15:59:12,BINGX,XRP/USDT:USDT,1.7948,True,
2026-05-28 15:59:17,GATEIO,WLD/USDT:USDT,2.0288,True,
2026-05-28 15:59:17,GATEIO,XRP/USDT:USDT,2.0791,True,
2026-05-28 15:59:17,GATEIO,ETH/USDT:USDT,2.1325,True,
2026-05-28 15:59:23,MEXC,WLD/USDT:USDT,0.2548,False,"mexc {""success"":false,""code"":510,""message"":""Requests are too frequent, please try again later""}"
2026-05-28 15:59:24,MEXC,ONDO/USDT:USDT,0.2263,False,"mexc {""success"":false,""code"":510,""message"":""Requests are too frequent, please try again later""}"
2026-05-28 15:59:38,MEXC,XLM/USDT:USDT,15.0708,True,
2026-05-28 15:59:39,MEXC,SOL/USDT:USDT,15.0675,True,
2026-05-28 15:59:40,MEXC,EDEN/USDT:USDT,0.2529,False,"mexc {""success"":false,""code"":510,""message"":""Requests are too frequent, please try again later""}"
2026-05-28 15:59:40,MEXC,SUI/USDT:USDT,0.2388,False,"mexc {""success"":false,""code"":510,""message"":""Requests are too frequent, please try again later""}"
2026-05-28 15:59:55,MEXC,ALT/USDT:USDT,15.0829,True,
2026-05-28 15:59:55,MEXC,PRL/USDT:USDT,15.0914,True,
2026-05-28 15:59:57,MEXC,TRX/USDT:USDT,0.5669,False,"mexc {""success"":false,""code"":510,""message"":""Requests are too frequent, please try again later""}"
2026-05-28 16:00:11,MEXC,SAHARA/USDT:USDT,14.7921,True,
2026-05-28 16:00:44,MEXC,ONDO/USDT:USDT,0.257,False,"mexc {""success"":false,""code"":510,""message"":""Requests are too frequent, please try again later""}"
2026-05-28 16:00:59,MEXC,SOL/USDT:USDT,15.0856,True,
2026-05-28 16:01:00,MEXC,SUI/USDT:USDT,0.2512,False,"mexc {""success"":false,""code"":510,""message"":""Requests are too frequent, please try again later""}"
2026-05-28 16:01:00,MEXC,TRAC/USDT:USDT,0.2849,False,"mexc {""success"":false,""code"":510,""message"":""Requests are too frequent, please try again later""}"
2026-05-28 16:01:15,MEXC,PRL/USDT:USDT,15.0595,True,
2026-05-28 16:01:15,MEXC,SEI/USDT:USDT,15.0749,True,
2026-05-28 16:01:17,MEXC,FF/USDT:USDT,0.2065,False,"mexc {""success"":false,""code"":510,""message"":""Requests are too frequent, please try again later""}"
2026-05-28 16:01:17,MEXC,PEPE/USDT:USDT,0.2652,False,"mexc {""success"":false,""code"":510,""message"":""Requests are too frequent, please try again later""}"
2026-05-28 16:01:32,MEXC,HIGH/USDT:USDT,15.0667,True,
2026-05-28 16:01:32,MEXC,ENA/USDT:USDT,15.0837,True,
2026-05-28 16:01:33,MEXC,ORBS/USDT:USDT,0.2238,False,"mexc {""success"":false,""code"":510,""message"":""Requests are too frequent, please try again later""}"
2026-05-28 16:01:33,MEXC,PENGU/USDT:USDT,0.2503,False,"mexc {""success"":false,""code"":510,""message"":""Requests are too frequent, please try again later""}"
2026-05-28 16:01:48,MEXC,SHIB/USDT:USDT,15.0822,True,
2026-05-28 16:01:48,MEXC,XAN/USDT:USDT,15.0868,True,
2026-05-28 16:01:49,MEXC,KAIA/USDT:USDT,0.1539,False,"mexc {""success"":false,""code"":510,""message"":""Requests are too frequent, please try again later""}"
2026-05-28 16:01:50,MEXC,LINK/USDT:USDT,0.3323,False,"mexc {""success"":false,""code"":510,""message"":""Requests are too frequent, please try again later""}"
2026-05-28 16:02:04,MEXC,EUL/USDT:USDT,15.0653,True,
2026-05-28 16:02:05,MEXC,USDC/USDT:USDT,15.0086,True,
2026-05-28 16:02:06,MEXC,IP/USDT:USDT,0.2697,False,"mexc {""success"":false,""code"":510,""message"":""Requests are too frequent, please try again later""}"
2026-05-28 16:02:06,MEXC,NIL/USDT:USDT,0.2527,False,"mexc {""success"":false,""code"":510,""message"":""Requests are too frequent, please try again later""}"
2026-05-28 16:02:21,MEXC,LINK/USDT:USDT,15.0752,True,
2026-05-28 16:02:21,MEXC,DBR/USDT:USDT,15.0596,True,
2026-05-28 16:02:22,MEXC,BIO/USDT:USDT,0.2444,False,"mexc {""success"":false,""code"":510,""message"":""Requests are too frequent, please try again later""}"
2026-05-28 16:02:23,MEXC,NIL/USDT:USDT,0.1796,False,"mexc {""success"":false,""code"":510,""message"":""Requests are too frequent, please try again later""}"
2026-05-28 16:02:37,MEXC,WET/USDT:USDT,15.0595,True,
2026-05-28 16:02:38,MEXC,DBR/USDT:USDT,15.1128,True,
2026-05-28 16:02:39,MEXC,BIO/USDT:USDT,0.2765,False,"mexc {""success"":false,""code"":510,""message"":""Requests are too frequent, please try again later""}"
2026-05-28 16:02:54,MEXC,WET/USDT:USDT,15.0666,True,
2026-05-28 16:04:33,MEXC,ALT/USDT:USDT,0.1962,False,"mexc {""success"":false,""code"":510,""message"":""Requests are too frequent, please try again later""}"
2026-05-28 16:04:48,MEXC,SUI/USDT:USDT,15.0597,True,
2026-05-28 16:04:49,MEXC,SAHARA/USDT:USDT,0.244,False,"mexc {""success"":false,""code"":510,""message"":""Requests are too frequent, please try again later""}"
2026-05-28 16:04:50,MEXC,XLM/USDT:USDT,0.2634,False,"mexc {""success"":false,""code"":510,""message"":""Requests are too frequent, please try again later""}"
2026-05-28 16:05:05,MEXC,PEPE/USDT:USDT,15.0832,True,
2026-05-28 16:05:05,MEXC,ONDO/USDT:USDT,15.0721,True,
2026-05-28 16:05:06,MEXC,PEAQ/USDT:USDT,0.2453,False,"mexc {""success"":false,""code"":510,""message"":""Requests are too frequent, please try again later""}"
2026-05-28 16:05:06,MEXC,ALT/USDT:USDT,0.2613,False,"mexc {""success"":false,""code"":510,""message"":""Requests are too frequent, please try again later""}"
2026-05-28 16:05:21,MEXC,PENGU/USDT:USDT,15.0908,True,
2026-05-28 16:05:21,MEXC,SUI/USDT:USDT,15.0611,True,
2026-05-28 16:05:22,MEXC,ICP/USDT:USDT,0.2343,False,"mexc {""success"":false,""code"":510,""message"":""Requests are too frequent, please try again later""}"
2026-05-28 16:05:22,MEXC,SAHARA/USDT:USDT,0.2544,False,"mexc {""success"":false,""code"":510,""message"":""Requests are too frequent, please try again later""}"
2026-05-28 16:05:37,MEXC,KAIA/USDT:USDT,15.0848,True,
2026-05-28 16:05:37,MEXC,PEPE/USDT:USDT,15.0718,True,
2026-05-28 16:05:38,MEXC,ADA/USDT:USDT,0.276,False,"mexc {""success"":false,""code"":510,""message"":""Requests are too frequent, please try again later""}"
2026-05-28 16:05:39,MEXC,AGI/USDT:USDT,0.2717,False,"mexc {""success"":false,""code"":510,""message"":""Requests are too frequent, please try again later""}"
2026-05-28 16:05:54,MEXC,PEAQ/USDT:USDT,15.082,True,
2026-05-28 16:05:54,MEXC,LINK/USDT:USDT,15.071,True,
2026-05-28 16:05:55,MEXC,B3/USDT:USDT,0.2495,False,"mexc {""success"":false,""code"":510,""message"":""Requests are too frequent, please try again later""}"
2026-05-28 16:05:55,MEXC,ICP/USDT:USDT,0.2488,False,"mexc {""success"":false,""code"":510,""message"":""Requests are too frequent, please try again later""}"
2026-05-28 16:06:10,MEXC,INJ/USDT:USDT,15.069,True,
2026-05-28 16:06:10,MEXC,KAIA/USDT:USDT,15.0785,True,
2026-05-28 16:06:11,MEXC,IRYS/USDT:USDT,0.2943,False,"mexc {""success"":false,""code"":510,""message"":""Requests are too frequent, please try again later""}"
2026-05-28 16:06:11,MEXC,CFG/USDT:USDT,0.2461,False,"mexc {""success"":false,""code"":510,""message"":""Requests are too frequent, please try again later""}"
2026-05-28 16:06:19,GATEIO,BLEND/USDT:USDT,1.605,True,
2026-05-28 16:06:26,MEXC,JTO/USDT:USDT,15.0613,True,
2026-05-28 16:06:26,MEXC,BIO/USDT:USDT,15.1008,True,
2026-05-28 16:06:28,MEXC,B3/USDT:USDT,0.2552,False,"mexc {""success"":false,""code"":510,""message"":""Requests are too frequent, please try again later""}"
2026-05-28 16:06:43,MEXC,INJ/USDT:USDT,15.0847,True,
2026-05-28 16:08:23,MEXC,SOL/USDT:USDT,0.1419,False,"mexc {""success"":false,""code"":510,""message"":""Requests are too frequent, please try again later""}"
2026-05-28 16:08:38,MEXC,DOGE/USDT:USDT,15.0809,True,
2026-05-28 16:08:41,MEXC,PEAQ/USDT:USDT,0.2454,False,"mexc {""success"":false,""code"":510,""message"":""Requests are too frequent, please try again later""}"
2026-05-28 16:08:41,MEXC,WLD/USDT:USDT,0.2299,False,"mexc {""success"":false,""code"":510,""message"":""Requests are too frequent, please try again later""}"
2026-05-28 16:08:56,MEXC,PENGU/USDT:USDT,15.0639,True,
2026-05-28 16:08:56,MEXC,XLM/USDT:USDT,15.0854,True,
2026-05-28 16:08:58,MEXC,ICP/USDT:USDT,0.2472,False,"mexc {""success"":false,""code"":510,""message"":""Requests are too frequent, please try again later""}"
2026-05-28 16:08:58,MEXC,EDEN/USDT:USDT,0.2705,False,"mexc {""success"":false,""code"":510,""message"":""Requests are too frequent, please try again later""}"
2026-05-28 16:09:13,MEXC,KAIA/USDT:USDT,15.0751,True,
2026-05-28 16:09:13,MEXC,ALT/USDT:USDT,15.0628,True,
2026-05-28 16:09:14,MEXC,JTO/USDT:USDT,0.2785,False,"mexc {""success"":false,""code"":510,""message"":""Requests are too frequent, please try again later""}"
2026-05-28 16:09:14,MEXC,TRX/USDT:USDT,0.2446,False,"mexc {""success"":false,""code"":510,""message"":""Requests are too frequent, please try again later""}"
2026-05-28 16:09:29,MEXC,AGI/USDT:USDT,15.0636,True,
2026-05-28 16:09:29,MEXC,SAHARA/USDT:USDT,15.0774,True,
2026-05-28 16:09:30,MEXC,IN/USDT:USDT,0.2536,False,"mexc {""success"":false,""code"":510,""message"":""Requests are too frequent, please try again later""}"
2026-05-28 16:09:30,MEXC,SEI/USDT:USDT,0.2469,False,"mexc {""success"":false,""code"":510,""message"":""Requests are too frequent, please try again later""}"
2026-05-28 16:09:45,MEXC,INJ/USDT:USDT,15.063,True,
2026-05-28 16:09:45,MEXC,PEAQ/USDT:USDT,15.0965,True,
2026-05-28 16:09:47,MEXC,BTC/USDT:USDT,0.238,False,"mexc {""success"":false,""code"":510,""message"":""Requests are too frequent, please try again later""}"
2026-05-28 16:10:02,MEXC,NIL/USDT:USDT,13.345,True,
2026-05-28 16:10:37,MEXC,MANTRA/USDT:USDT,0.1962,False,"mexc {""success"":false,""code"":510,""message"":""Requests are too frequent, please try again later""}"
2026-05-28 16:10:52,MEXC,CFG/USDT:USDT,15.1086,True,
2026-05-28 16:11:22,MEXC,SEI/USDT:USDT,0.2514,False,"mexc {""success"":false,""code"":510,""message"":""Requests are too frequent, please try again later""}"
2026-05-28 16:11:22,MEXC,SOL/USDT:USDT,0.2471,False,"mexc {""success"":false,""code"":510,""message"":""Requests are too frequent, please try again later""}"
2026-05-28 16:11:37,MEXC,PEAQ/USDT:USDT,15.0842,True,
2026-05-28 16:11:37,MEXC,DOGE/USDT:USDT,15.0668,True,
2026-05-28 16:11:38,MEXC,ONG/USDT:USDT,0.2518,False,"mexc {""success"":false,""code"":510,""message"":""Requests are too frequent, please try again later""}"
2026-05-28 16:11:38,MEXC,SUI/USDT:USDT,0.242,False,"mexc {""success"":false,""code"":510,""message"":""Requests are too frequent, please try again later""}"
2026-05-28 16:11:53,MEXC,ICP/USDT:USDT,15.1019,True,
2026-05-28 16:11:54,MEXC,REQ/USDT:USDT,15.0678,True,
2026-05-28 16:11:55,MEXC,PEPE/USDT:USDT,0.399,False,"mexc {""success"":false,""code"":510,""message"":""Requests are too frequent, please try again later""}"
2026-05-28 16:11:55,MEXC,JTO/USDT:USDT,0.253,False,"mexc {""success"":false,""code"":510,""message"":""Requests are too frequent, please try again later""}"
2026-05-28 16:12:10,MEXC,ENA/USDT:USDT,15.0963,True,
2026-05-28 16:12:10,MEXC,AGI/USDT:USDT,15.0651,True,
2026-05-28 16:12:10,MEXC,ADA/USDT:USDT,0.2208,False,"mexc {""success"":false,""code"":510,""message"":""Requests are too frequent, please try again later""}"
2026-05-28 16:12:10,MEXC,IP/USDT:USDT,0.3021,False,"mexc {""success"":false,""code"":510,""message"":""Requests are too frequent, please try again later""}"
2026-05-28 16:12:25,MEXC,SEI/USDT:USDT,15.1084,True,
2026-05-28 16:12:25,MEXC,USDC/USDT:USDT,15.0477,True,
2026-05-28 16:12:27,MEXC,HIGH/USDT:USDT,0.2365,False,"mexc {""success"":false,""code"":510,""message"":""Requests are too frequent, please try again later""}"
2026-05-28 16:12:27,MEXC,DBR/USDT:USDT,0.2484,False,"mexc {""success"":false,""code"":510,""message"":""Requests are too frequent, please try again later""}"
2026-05-28 16:12:42,MEXC,ONG/USDT:USDT,15.0629,True,
2026-05-28 16:12:42,MEXC,BTR/USDT:USDT,15.1188,True,
2026-05-28 16:12:43,MEXC,XAN/USDT:USDT,0.2512,False,"mexc {""success"":false,""code"":510,""message"":""Requests are too frequent, please try again later""}"
2026-05-28 16:12:43,MEXC,WET/USDT:USDT,0.2777,False,"mexc {""success"":false,""code"":510,""message"":""Requests are too frequent, please try again later""}"
2026-05-28 16:12:58,MEXC,IRYS/USDT:USDT,15.0794,True,
2026-05-28 16:14:06,MEXC,MANTRA/USDT:USDT,0.2454,False,"mexc {""success"":false,""code"":510,""message"":""Requests are too frequent, please try again later""}"
2026-05-28 16:14:21,MEXC,CFG/USDT:USDT,15.1297,True,
2026-05-28 16:14:22,MEXC,EUL/USDT:USDT,0.2378,False,"mexc {""success"":false,""code"":510,""message"":""Requests are too frequent, please try again later""}"
2026-05-28 16:14:37,MEXC,ORBS/USDT:USDT,15.0639,True,
2026-05-28 16:16:00,MEXC,B3/USDT:USDT,0.2497,False,"mexc {""success"":false,""code"":510,""message"":""Requests are too frequent, please try again later""}"
2026-05-28 16:16:15,MEXC,IN/USDT:USDT,15.0776,True,
2026-05-28 16:16:16,MEXC,ADA/USDT:USDT,0.249,False,"mexc {""success"":false,""code"":510,""message"":""Requests are too frequent, please try again later""}"
2026-05-28 16:16:16,MEXC,SAND/USDT:USDT,0.224,False,"mexc {""success"":false,""code"":510,""message"":""Requests are too frequent, please try again later""}"
2026-05-28 16:16:31,MEXC,SEI/USDT:USDT,15.0939,True,
2026-05-28 16:16:32,MEXC,MANTRA/USDT:USDT,15.1123,True,
2026-05-28 16:21:45,MEXC,REQ/USDT:USDT,0.2301,False,"mexc {""success"":false,""code"":510,""message"":""Requests are too frequent, please try again later""}"
2026-05-28 16:22:00,MEXC,NEAR/USDT:USDT,15.0817,True,
2026-05-28 16:25:35,MEXC,CFG/USDT:USDT,0.2354,False,"mexc {""success"":false,""code"":510,""message"":""Requests are too frequent, please try again later""}"
2026-05-28 16:25:50,MEXC,BIO/USDT:USDT,15.0726,True,
2026-05-28 16:31:18,MEXC,ORBS/USDT:USDT,0.2536,False,"mexc {""success"":false,""code"":510,""message"":""Requests are too frequent, please try again later""}"
2026-05-28 16:31:33,MEXC,ICP/USDT:USDT,15.0695,True,
2026-05-28 16:35:06,MEXC,B3/USDT:USDT,0.2503,False,"mexc {""success"":false,""code"":510,""message"":""Requests are too frequent, please try again later""}"
2026-05-28 16:35:21,MEXC,IN/USDT:USDT,15.0629,True,
2026-05-28 16:40:55,MEXC,USDC/USDT:USDT,0.2388,False,"mexc {""success"":false,""code"":510,""message"":""Requests are too frequent, please try again later""}"
2026-05-28 16:41:10,MEXC,B3/USDT:USDT,15.0664,True,
2026-05-28 16:46:38,MEXC,SEI/USDT:USDT,0.2617,False,"mexc {""success"":false,""code"":510,""message"":""Requests are too frequent, please try again later""}"
2026-05-28 16:46:53,MEXC,PENGU/USDT:USDT,15.0848,True,
2026-05-28 16:52:23,MEXC,ORBS/USDT:USDT,0.2527,False,"mexc {""success"":false,""code"":510,""message"":""Requests are too frequent, please try again later""}"
2026-05-28 16:52:38,MEXC,EUL/USDT:USDT,15.0794,True,
2026-05-28 16:58:07,MEXC,IN/USDT:USDT,0.2543,False,"mexc {""success"":false,""code"":510,""message"":""Requests are too frequent, please try again later""}"
2026-05-28 16:58:22,MEXC,BTR/USDT:USDT,15.0694,True,
2026-05-28 17:03:50,MEXC,EDGE/USDT:USDT,0.2536,False,"mexc {""success"":false,""code"":510,""message"":""Requests are too frequent, please try again later""}"
2026-05-28 17:04:05,MEXC,BIO/USDT:USDT,15.0689,True,
2026-05-28 17:09:34,MEXC,NIL/USDT:USDT,0.2526,False,"mexc {""success"":false,""code"":510,""message"":""Requests are too frequent, please try again later""}"
2026-05-28 17:09:49,MEXC,BIO/USDT:USDT,15.0672,True,
2026-05-28 17:15:18,MEXC,MANTRA/USDT:USDT,0.249,False,"mexc {""success"":false,""code"":510,""message"":""Requests are too frequent, please try again later""}"
2026-05-28 17:15:33,MEXC,CFG/USDT:USDT,15.0752,True,
2026-05-28 17:21:05,MEXC,ICP/USDT:USDT,0.2445,False,"mexc {""success"":false,""code"":510,""message"":""Requests are too frequent, please try again later""}"
2026-05-28 17:21:20,MEXC,EUL/USDT:USDT,15.0752,True,
2026-05-28 17:23:01,MEXC,SEI/USDT:USDT,0.2465,False,"mexc {""success"":false,""code"":510,""message"":""Requests are too frequent, please try again later""}"
2026-05-28 17:23:16,MEXC,SHIB/USDT:USDT,15.0618,True,
2026-05-28 17:26:48,MEXC,BILL/USDT:USDT,0.2566,False,"mexc {""success"":false,""code"":510,""message"":""Requests are too frequent, please try again later""}"
2026-05-28 17:27:04,MEXC,IRYS/USDT:USDT,15.0647,True,
2026-05-28 17:32:35,MEXC,WLD/USDT:USDT,0.2736,False,"mexc {""success"":false,""code"":510,""message"":""Requests are too frequent, please try again later""}"
2026-05-28 17:32:50,MEXC,XLM/USDT:USDT,15.0786,True,
2026-05-28 17:36:24,MEXC,WLD/USDT:USDT,0.2447,False,"mexc {""success"":false,""code"":510,""message"":""Requests are too frequent, please try again later""}"
2026-05-28 17:36:39,MEXC,XLM/USDT:USDT,15.0799,True,
2026-05-28 17:39:37,BITGET,SAHARA/USDT:USDT,2.1857,True,
2026-05-28 17:39:38,MEXC,ADA/USDT:USDT,2.8171,True,
2026-05-28 17:40:21,MEXC,ONDO/USDT:USDT,1.1425,False,"mexc {""success"":false,""code"":510,""message"":""Requests are too frequent, please try again later""}"
2026-05-28 17:40:37,MEXC,SOL/USDT:USDT,15.1774,True,
2026-05-28 17:42:11,MEXC,DBR/USDT:USDT,0.2486,False,"mexc {""success"":false,""code"":510,""message"":""Requests are too frequent, please try again later""}"
2026-05-28 17:42:26,MEXC,SAND/USDT:USDT,15.0641,True,
2026-05-28 17:47:57,MEXC,REQ/USDT:USDT,0.248,False,"mexc {""success"":false,""code"":510,""message"":""Requests are too frequent, please try again later""}"
2026-05-28 17:48:12,MEXC,SAHARA/USDT:USDT,15.0743,True,
2026-05-28 17:55:38,MEXC,SOL/USDT:USDT,0.2516,False,"mexc {""success"":false,""code"":510,""message"":""Requests are too frequent, please try again later""}"
2026-05-28 17:55:53,MEXC,DOGE/USDT:USDT,15.0974,True,
2026-05-28 17:59:29,MEXC,CFG/USDT:USDT,0.2514,False,"mexc {""success"":false,""code"":510,""message"":""Requests are too frequent, please try again later""}"
2026-05-28 17:59:44,MEXC,SAND/USDT:USDT,15.0781,True,
2026-05-28 18:05:13,MEXC,JTO/USDT:USDT,0.2607,False,"mexc {""success"":false,""code"":510,""message"":""Requests are too frequent, please try again later""}"
2026-05-28 18:05:28,MEXC,IRYS/USDT:USDT,15.0657,True,
2026-05-28 18:10:59,MEXC,TRX/USDT:USDT,0.2459,False,"mexc {""success"":false,""code"":510,""message"":""Requests are too frequent, please try again later""}"
2026-05-28 18:11:14,MEXC,ALT/USDT:USDT,15.0696,True,
2026-05-28 18:12:53,MEXC,CFG/USDT:USDT,0.248,False,"mexc {""success"":false,""code"":510,""message"":""Requests are too frequent, please try again later""}"
2026-05-28 18:13:08,MEXC,EDGE/USDT:USDT,15.0719,True,
2026-05-28 18:18:38,MEXC,EDEN/USDT:USDT,0.268,False,"mexc {""success"":false,""code"":510,""message"":""Requests are too frequent, please try again later""}"
2026-05-28 18:18:53,MEXC,SUI/USDT:USDT,15.0616,True,
2026-05-28 18:22:26,MEXC,SAHARA/USDT:USDT,0.253,False,"mexc {""success"":false,""code"":510,""message"":""Requests are too frequent, please try again later""}"
2026-05-28 18:22:41,MEXC,TRX/USDT:USDT,15.0682,True,
2026-05-28 18:26:15,MEXC,ADA/USDT:USDT,0.2394,False,"mexc {""success"":false,""code"":510,""message"":""Requests are too frequent, please try again later""}"
2026-05-28 18:26:30,MEXC,PEAQ/USDT:USDT,15.0705,True,
2026-05-28 18:30:05,MEXC,XAN/USDT:USDT,0.2429,False,"mexc {""success"":false,""code"":510,""message"":""Requests are too frequent, please try again later""}"
2026-05-28 18:30:20,MEXC,INJ/USDT:USDT,15.071,True,
